datetime,latitude,longitude,month,season,temperature,humidity,wind_speed,pressure
2024-08-28T04:00:27,-2.3622761227000644,29.20950558460178,August,dry,29.448419194659163,55.48162854966033,1.4595794049062072,942.8362807603893
2024-08-11T14:05:28,-2.3041748935751207,29.297499435253116,August,dry,30.7070204219614,46.870855511716194,1.328230663374733,962.2741287809927
2024-08-03T04:05:29,-2.2350720042690906,29.21086845465368,August,dry,27.552074952742867,43.07636801965449,1.6173343893355632,985.7682440026088
2024-08-22T16:39:02,-2.2600835700895567,29.235988359570246,August,dry,30.258844133745043,35.40690519548458,1.9608425026416978,923.3159005795884
2024-08-24T20:49:54,-2.2168691946065358,29.238653338236205,August,dry,27.720277630824302,45.82949673538336,3.4563715479964667,1014.6179463194994
2024-08-20T03:33:48,-2.2954255859306962,29.26804298151422,August,dry,27.529070448967957,58.995739675675125,2.0287649469061155,956.1305069703042
2024-08-27T05:07:21,-2.2171437356404393,29.216631458127466,August,dry,31.65686405729334,51.83510984119634,3.9449541955654364,927.3780168936125
2024-08-13T22:35:31,-2.3227209549977696,29.260776522078068,August,dry,28.967846830318685,35.2141212357661,4.403652853947593,991.5470799803481
2024-08-12T18:25:26,-2.3009572966798477,29.294084507270544,August,dry,34.18357934243145,57.49608690022966,1.0256641278314182,998.1352318480859
2024-08-16T11:02:25,-2.2529813163124195,29.244338552650888,August,dry,30.353588350352254,49.318590167523325,1.7475620878503906,995.3876374870202
2024-08-13T10:14:15,-2.2887828427282586,29.220523118876613,August,dry,30.366219498972224,33.784304852005015,3.85019575126479,913.049148050608
2024-08-20T09:10:20,-2.338350815446785,29.22832632946442,August,dry,29.10439916818838,57.015597017771526,0.7937723859552639,911.7052452384603
2024-08-09T07:33:27,-2.333134097451115,29.205047838631902,August,dry,28.259846181417213,38.85065198833545,0.5298143473562829,935.1412204175775
2024-08-23T04:35:36,-2.2027309310030656,29.233526588499046,August,dry,28.74182259118716,38.229986474298016,1.826458398376674,964.2702740637219
2024-08-20T08:02:08,-2.251874729080565,29.26908419898917,August,dry,26.76513468459139,41.86252431329893,4.704383183847338,960.3342150439615
2024-08-06T00:53:13,-2.2147145125677743,29.22242328697688,August,dry,25.773248481573017,43.41511845245912,3.8587407156509683,912.7068062746436
2024-08-19T02:41:21,-2.2792582213972414,29.24702410732863,August,dry,29.194549188058723,53.31476174126347,4.142393205032708,1007.4827955481902
2024-08-24T12:06:11,-2.2300766307723774,29.25250105650455,August,dry,32.63793996901057,53.57162537053733,0.9355342088769549,999.6661620859592
2024-08-24T10:37:41,-2.284860627534165,29.243291025994306,August,dry,25.970328847036015,31.14903049327062,4.6408653291971,988.4235167323016
2024-08-01T22:06:31,-2.3163726004639935,29.257400950604303,August,dry,30.717934517470567,54.83898822542997,3.3687503559970473,958.7645243535258
2024-08-28T01:39:12,-2.219342010120563,29.24793434084866,August,dry,25.57514734853028,34.41642486387491,1.474133798489935,970.1518878474062
2024-08-10T10:54:37,-2.2429483284394602,29.215441830247986,August,dry,26.080945386284988,57.64125747780234,2.872609937666926,1008.0175790464573
2024-08-12T01:44:01,-2.331694913518537,29.223728376850044,August,dry,26.420136264341533,42.85026010053517,0.5004150470172208,997.7852909680009
2024-08-08T07:06:36,-2.306103864401338,29.248461639863223,August,dry,26.18493827280192,52.49543881731667,4.113027584070313,901.5782931909611
2024-08-25T05:41:12,-2.230252189313359,29.209084780040538,August,dry,33.21840063616007,58.36003295505975,4.065628080861218,902.1914711288682
2024-08-21T18:17:28,-2.27359759905532,29.21767172165373,August,dry,27.1958554008274,38.12643136036921,2.051560744580577,996.8760220573687
2024-08-24T01:26:11,-2.2805739699253915,29.264052004994042,August,dry,31.95866430360392,33.704901105580824,1.9748918637250075,936.4231542704014
2024-08-11T22:16:56,-2.2505663262101865,29.27762564385971,August,dry,28.895726638364483,31.418633193881945,2.9975919084620237,920.5654119177634
2024-08-24T12:26:24,-2.2665218134593577,29.270088127227147,August,dry,34.9972234506994,46.53775904457301,3.3554839418195943,917.0716730090032
2024-08-21T20:52:37,-2.2728295701880774,29.26478013235476,August,dry,26.989916455707096,37.14450656968341,4.7097995566844295,989.2045549417443
2024-08-07T14:36:55,-2.296515359442339,29.229711465761664,August,dry,26.91555814112717,42.23911459640021,3.8908410626496712,921.9797020028758
2024-08-19T13:52:51,-2.2446004389274816,29.27600781430314,August,dry,26.41856644250213,38.47586349077739,4.184924914983451,926.875919012678
2024-08-25T09:24:30,-2.2391207377515454,29.243761016178887,August,dry,33.661987024751454,30.58502541097617,1.661686996931589,902.2521961355166
2024-08-17T12:46:11,-2.334755958841782,29.215762165716324,August,dry,26.412472257005962,41.78527036952162,3.231319996084576,1018.0755811013669
2024-08-17T23:15:04,-2.323023877285645,29.267288552815597,August,dry,31.23538613709823,56.777032921527585,0.6265900520612313,900.9851449663325
2024-08-10T06:44:19,-2.285100012664958,29.18678952870931,August,dry,34.93768583974013,45.0368467417495,3.794122740116051,993.1281662937799
2024-08-08T21:01:06,-2.341943644716767,29.20374482560353,August,dry,32.5678865688418,35.173612667104294,2.6981036740289026,969.967759994825
2024-08-01T22:12:23,-2.285933429726258,29.194049222639244,August,dry,25.909560545730372,34.33071566437774,2.873503648224141,981.8778587621555
2024-08-13T21:23:34,-2.289296482940532,29.192300679613087,August,dry,34.205634756697705,58.859573155648675,2.044746745034405,922.1772799270128
2024-08-06T05:19:00,-2.240461138750349,29.217850005543575,August,dry,32.326095746999634,44.85454978388583,2.0646986867263832,905.8066789014669
2024-08-16T22:37:58,-2.270496958413798,29.27955640440499,August,dry,27.10296670381769,37.1034748417334,1.4405194877216627,965.6217233493064
2024-08-17T20:59:49,-2.230198408415057,29.242534244570344,August,dry,32.81282473505799,35.57545251895964,4.514417178247892,959.6742943536233
2024-08-19T12:31:00,-2.3213796147651236,29.251309732622232,August,dry,34.35132338574496,49.26281447261083,3.830752810615622,921.4164276712861
2024-08-22T01:59:34,-2.214396837648236,29.2216277556837,August,dry,27.476336108231514,32.90549785114838,3.354585537238563,1001.378729490413
2024-08-12T08:12:56,-2.225265381964111,29.22205796568626,August,dry,34.1431602070175,59.069581233149215,4.269770879036108,908.4083746134206
2024-08-09T22:15:03,-2.286723624309937,29.27943111956666,August,dry,32.472853094163945,54.17047512033709,4.16041352345262,981.4083114835598
2024-08-16T18:23:32,-2.2342630015854787,29.23096436921911,August,dry,34.18551962938746,57.12322022829957,2.2063173662257567,1011.1181480896932
2024-08-21T05:36:31,-2.299447040048275,29.2681615914959,August,dry,28.80646025268024,36.01126755873688,3.1501243293745755,1003.862245187335
2024-08-13T05:49:33,-2.2760295915551874,29.250470714209428,August,dry,28.260571939888365,57.339348590215465,1.732439745959243,903.6737909612707
2024-08-02T04:35:01,-2.2772688346235546,29.23855410054451,August,dry,29.237231781370603,48.06949207539256,3.077803567860164,999.5237354135099
2024-09-04T22:07:49,-2.2009084125965765,29.324449275833604,September,dry,30.712240109688956,36.61529735508215,1.8679545313909494,931.4560069055309
2024-09-18T22:37:12,-2.2101793410253827,29.32255331521302,September,dry,28.046923275719163,33.725732924881584,1.9993526497823675,907.4094995985746
2024-09-27T10:29:47,-2.1900352240207677,29.251850210211767,September,dry,27.263414180290894,33.02821788005578,1.2425188950542934,953.8746405131911
2024-09-21T18:09:50,-2.2152203762107168,29.266074933036908,September,dry,25.067211088316967,42.387616626093106,3.3483519062516827,937.3707090117679
2024-09-27T02:46:13,-2.221856056709623,29.295039195888588,September,dry,25.001535657177598,39.47368736258555,1.3691460880821014,971.9763662200583
2024-09-19T07:53:58,-2.2038054398898406,29.285783295498877,September,dry,27.837826007904507,42.98219190984225,2.8310255396045174,1004.6739075254997
2024-09-04T15:07:59,-2.172499518383008,29.26540524353202,September,dry,33.57052624909938,54.044650233282795,3.980553862688902,934.2714031375538
2024-09-20T12:44:50,-2.2105942290414693,29.316345442167343,September,dry,27.61507607620329,49.59696562229532,1.7352249238550723,1017.4561476646745
2024-09-13T22:04:00,-2.2158077428968697,29.24329352548047,September,dry,28.28152846645429,38.84464927333529,3.293318879479121,962.9743714707895
2024-09-09T12:39:22,-2.1911693325507544,29.334099928297867,September,dry,28.33405789870579,44.62991091644325,1.2107664824946756,934.4233736151906
2024-09-02T22:40:10,-2.200902208928932,29.309553459968956,September,dry,25.646679609479527,43.252290345249264,4.823122782505266,1002.008586139302
2024-09-01T06:42:41,-2.200218573295523,29.302079269230553,September,dry,31.442678713904613,39.97705228227283,1.2091053979417428,987.4576430624518
2024-09-18T02:37:07,-2.241097194757736,29.260263369377785,September,dry,34.23375455141693,44.8801301146463,1.343524526002012,971.975430543367
2024-09-01T05:39:18,-2.185252053517064,29.325714995006212,September,dry,27.679498952443485,55.41228028267484,3.9036263480169544,1008.5092631539704
2024-09-05T02:51:46,-2.224341333616576,29.24112480916524,September,dry,32.47596501979977,51.632614821373636,2.118095455281728,901.0637889596272
2024-09-22T02:16:24,-2.1917186240102335,29.287903820878313,September,dry,27.91661973401302,37.65825155812338,3.0653093480585913,995.8658814367722
2024-09-18T21:52:04,-2.225401463745656,29.32687315301689,September,dry,34.66757857979705,53.58584407539851,1.025816366479464,998.1404190827507
2024-09-03T21:12:16,-2.188293557096743,29.302965205840298,September,dry,26.166653627557306,46.44053358542824,1.1062520109974379,992.8545097540082
2024-09-14T22:16:54,-2.242917035474864,29.286514824436757,September,dry,27.879320567398672,42.10435539992334,4.56395371796794,968.2240253081725
2024-09-18T09:14:31,-2.1890931419208477,29.318919149475523,September,dry,32.350634685532654,44.549463998651575,1.2417497941618216,937.3790867901126
2024-09-07T17:54:01,-2.2046381644116706,29.26701989744736,September,dry,29.611290452409598,44.853119974980515,3.2346677535128183,913.3247848195323
2024-09-17T10:04:56,-2.2186395021998946,29.31352642851139,September,dry,33.2419143263656,54.57618605549845,0.9862045918332843,909.008436205614
2024-09-21T20:07:11,-2.2463813465989118,29.264959373463153,September,dry,29.946433255391195,32.58666822176312,4.434726727851135,1014.6335323166809
2024-09-05T00:35:12,-2.230834528501502,29.241212313095918,September,dry,25.84931767760679,40.04182947732319,1.3000745660366992,923.4537689081882
2024-09-15T23:28:57,-2.19371712464295,29.244443990119986,September,dry,25.18376650097849,39.23623481140929,3.1347884436599527,1001.7240060308686
2024-09-03T08:01:16,-2.1895250274640503,29.323135963881732,September,dry,34.691205673775585,51.25902436259816,0.8125243298467206,971.3492427055522
2024-09-28T00:15:58,-2.1690504782928044,29.283832495189372,September,dry,32.77599648924235,41.49580338500674,3.272671673377898,983.8469282884911
2024-09-16T13:52:06,-2.203975128545291,29.303310489588142,September,dry,25.15323028269462,35.78593680676441,2.850641587287814,986.02423379929
2024-09-27T17:35:07,-2.210240069606522,29.331887693742747,September,dry,33.85457854288265,41.76728370268778,2.766852078869772,952.3524457736783
2024-09-23T23:47:21,-2.2209297578267617,29.26069798659162,September,dry,32.00620004640617,36.51919037381245,3.315875289096418,926.2199760717352
2024-09-22T13:24:19,-2.2054220699506755,29.278900132257448,September,dry,33.312085722353764,45.297344327491984,1.1109200577750962,921.7281458994273
2024-09-26T16:20:47,-2.218611304234748,29.24363473183499,September,dry,33.91746125085688,44.98123852056052,0.6991201943121155,976.9101445606899
2024-09-11T22:59:23,-2.1809575587325782,29.2587085678654,September,dry,32.309508290300414,30.837569337335292,0.5196079469686097,985.2797033405321
2024-09-05T01:29:23,-2.239854621275945,29.258939992280943,September,dry,30.406541456025693,40.49320955023985,4.286693947182539,952.3478723827426
2024-09-26T10:22:42,-2.2025454136764173,29.297112866184893,September,dry,30.187600459984655,45.591754704201364,3.328344065738953,923.5439134716877
2024-09-21T10:47:28,-2.1692710734134777,29.27415171184053,September,dry,28.08224627720007,36.98957424117238,0.5661063210225288,1006.8579838417078
2024-09-03T14:59:51,-2.174326990155546,29.31550315677901,September,dry,26.21359194856224,59.47893758031955,4.248324121557149,976.7190418225869
2024-09-23T08:01:16,-2.1750411772499487,29.27034962305961,September,dry,27.936760409890205,40.80726611152904,3.3771453892161194,1017.1555111790033
2024-09-23T15:32:44,-2.184251418387521,29.327567938539236,September,dry,29.58288657453339,59.6397774607631,2.252817982840175,980.4856895297189
2024-09-08T02:21:08,-2.1721528018982434,29.32521512321345,September,dry,33.744993606030064,53.34495804145536,4.999533292098239,1008.9447912546465
2024-09-06T17:06:24,-2.2410396525494103,29.298453755529533,September,dry,33.98880335455705,57.57327421064103,2.670414315066235,971.0764020042068
2024-09-28T04:36:30,-2.2122661152965937,29.26827944864138,September,dry,31.070276721377383,40.73434342774327,0.814472558491367,1008.8800253137869
2024-09-23T13:56:30,-2.2007592797303492,29.309403828988657,September,dry,31.868205358488403,33.093838813940565,3.320946525740011,1018.8560653585758
2024-09-01T10:30:58,-2.19736093976475,29.27271397483474,September,dry,32.46468400055607,44.927834769819796,2.691604133282177,954.06008432218
2024-09-27T18:57:00,-2.1892305804146623,29.27210159382705,September,dry,32.608603764253516,49.492483621897556,4.856048275823461,989.488879411701
2024-09-11T00:38:16,-2.22371163717707,29.287961037802354,September,dry,27.421862163627594,41.02738883605267,1.6751679385641445,900.1078631058012
2024-09-13T10:25:04,-2.1978897475504797,29.312782033045753,September,dry,25.935608687793067,54.825271755906826,4.7591356347278015,993.8536624292124
2024-09-22T16:46:10,-2.1994775933694504,29.294030894544186,September,dry,25.84272572859875,42.54386333427805,3.7601808402366217,982.7214136880306
2024-09-23T20:17:14,-2.2439588791231153,29.29395371162113,September,dry,26.484645432609028,46.72612151324891,4.461547328598545,1004.0917955816117
2024-09-20T23:39:51,-2.2124174717770946,29.24762722374341,September,dry,28.66112939870489,54.5381108596942,3.69550448760898,979.1106011759423
2024-10-07T12:34:56,-2.2839639419301134,29.48018110997512,October,rainy,23.738887639776333,89.00351886394027,1.971990394476545,999.0518352595366
2024-10-25T11:52:27,-2.2460517819722727,29.379495684922986,October,rainy,15.119547368955143,85.99017147407055,3.659725393531936,903.3736310946267
2024-10-08T10:54:57,-2.3299697630310527,29.430691785352675,October,rainy,22.42439227733408,74.30292494932318,3.950585007400003,904.1247894881483
2024-10-21T08:58:26,-2.243765071845985,29.40875314338971,October,rainy,24.94768502676082,75.52925646699771,4.278086355683916,918.8169181756042
2024-10-18T06:34:16,-2.2313893359232098,29.41046583219162,October,rainy,23.068453836320117,76.18697659020356,3.51420500417622,1008.5477533481019
2024-10-14T11:55:11,-2.270179063098358,29.500780417549926,October,rainy,18.655784073291187,76.80659723598401,3.476969634811655,994.5434259195601
2024-10-24T15:48:49,-2.2486292252503652,29.477357903281433,October,rainy,24.847222218712872,80.54350602403316,3.2290569254688686,913.3362592127559
2024-10-20T12:58:03,-2.2304103365988204,29.46283792308323,October,rainy,20.347480942966488,80.74946892137797,4.318784008665477,985.5502461081569
2024-10-27T00:58:32,-2.3269890901725176,29.46409782806995,October,rainy,15.879420209170089,76.94688516977092,0.7210931537418708,1010.2881834221806
2024-10-06T23:16:25,-2.270624944850648,29.46154796093016,October,rainy,23.77689523481456,83.99747925088386,3.1776736949359563,935.8979051072641
2024-10-14T20:46:06,-2.2388103715980434,29.39636836385159,October,rainy,15.179213784997659,87.88730790792161,4.820228677207125,922.3514246484591
2024-10-09T01:38:35,-2.3616802692228043,29.43450682013254,October,rainy,19.061504341231753,75.92105762780656,4.720751966602377,901.6088827271859
2024-10-01T05:48:36,-2.2307717120313146,29.43974604194611,October,rainy,17.176839739131417,82.87032817076528,0.9853444455230308,996.7850760716543
2024-10-07T01:42:41,-2.2330417244504326,29.43184519290326,October,rainy,22.439979890282107,71.90546683462846,2.512450210750429,946.3425100956989
2024-10-28T13:39:03,-2.3161774449465513,29.462211232121174,October,rainy,17.831180986250295,81.3250003574032,4.642393209260492,930.4347046051739
2024-10-26T04:20:37,-2.2356728578916925,29.411829495693354,October,rainy,22.833044601554263,84.16731391565584,4.739891055095951,974.6582163670556
2024-10-03T05:40:37,-2.2407375625007226,29.486621917040203,October,rainy,20.655344481828443,80.3438099368079,3.1948493663733606,940.3455541512036
2024-10-06T06:11:58,-2.2515236785018597,29.462399776290997,October,rainy,15.72678515187538,81.6865761725189,3.1664465954850445,954.5524299720337
2024-10-04T00:09:16,-2.3302344666229553,29.44073326192513,October,rainy,21.42514813392178,86.84278572072523,3.583933263712043,1014.6651493644357
2024-10-04T17:17:47,-2.3459140453111775,29.439076877154175,October,rainy,15.135422833673111,86.95336922666272,4.588001751504516,909.4509142732347
2024-10-28T12:01:11,-2.2527187520683776,29.417535415247414,October,rainy,18.080563800453714,78.18126437505771,3.745163417633346,957.6334007036704
2024-10-14T02:46:50,-2.271756486427855,29.423451095158715,October,rainy,17.28773665688258,87.42191158315802,1.135905408450621,919.922797835469
2024-10-24T17:35:13,-2.2209367058999114,29.412288969820313,October,rainy,16.474166501976644,78.40457272473779,2.858993061599243,1012.282939985301
2024-10-10T05:57:42,-2.25611636788937,29.42474465957817,October,rainy,24.283112324263328,87.81724011388572,2.255618276956037,986.2629344395282
2024-10-18T08:02:30,-2.353051058345232,29.459328496005483,October,rainy,16.63705280682151,84.06489144497723,0.9513593118643359,1004.3834471096621
2024-10-25T06:01:17,-2.2749745512037522,29.52878698464054,October,rainy,23.693473079730822,72.12042502967196,4.335805038020251,1000.7029665713837
2024-10-08T17:11:10,-2.299265132887502,29.4823307650756,October,rainy,21.219500905561627,84.80084136607107,4.00276900257129,902.5714916878609
2024-10-25T05:09:56,-2.314229453025996,29.427619567094958,October,rainy,23.879822340451355,79.79908124551734,4.928795053535504,949.1308548523148
2024-10-25T06:58:00,-2.258669977567701,29.43659478072945,October,rainy,23.399401378654446,72.02999486976475,2.061399607030312,901.7999702314557
2024-10-13T05:29:44,-2.3407401469706053,29.43429566718966,October,rainy,23.806199412538415,72.46073330159845,3.6277709392628568,948.7157720016994
2024-10-23T18:48:52,-2.3340680072682463,29.456927279227497,October,rainy,17.21700157484586,78.35126869211041,3.3639881748624836,921.2561364946565
2024-10-01T23:47:58,-2.3346497342809305,29.419138304329458,October,rainy,16.905393787623538,83.96603653753189,4.159239488390012,1001.5628648721516
2024-10-11T07:14:25,-2.296254456279417,29.42043622177028,October,rainy,20.486936580266722,72.77715839682568,2.4356411762546286,997.9258731614752
2024-10-21T13:31:07,-2.2866840717690384,29.417636871000454,October,rainy,15.561642869439758,85.53745440063246,3.5119103180383116,984.5414748299927
2024-10-28T03:54:36,-2.283879395718423,29.379540119471464,October,rainy,23.98341193376664,82.67122177582617,0.6891626947366245,926.7001691024524
2024-10-07T19:12:07,-2.255232515320433,29.385267243285202,October,rainy,20.439518237108736,81.10988519976735,1.2664248580273125,927.8289780551514
2024-10-07T00:43:09,-2.212846128062222,29.436698757460363,October,rainy,18.602256385834394,87.37940999821717,2.3986935008073456,954.0958448972228
2024-10-23T02:27:05,-2.3413366547370447,29.43948405524635,October,rainy,19.09183636493676,88.73838008791168,3.8206804338873503,958.8085818442154
2024-10-04T04:09:47,-2.2326803509470556,29.504269950706835,October,rainy,20.602383029493527,75.2595016118658,3.1422199138650213,932.3980490230831
2024-10-15T11:25:30,-2.278898593002323,29.448825619308046,October,rainy,16.013697743258273,81.23488775955964,0.9680532337410667,927.6739271173095
2024-10-01T01:33:44,-2.3394324303484764,29.46841383755136,October,rainy,16.153475809370956,85.00664054589981,4.920310460859785,990.0122170367222
2024-10-09T02:01:07,-2.2783637181673377,29.524421061521085,October,rainy,19.374820942918646,83.95030966239108,1.2352922767306644,947.145099273724
2024-10-22T07:10:54,-2.3394376102068297,29.435198574272032,October,rainy,18.068330674717483,78.52740667660166,1.6255660980565074,945.9584987308176
2024-10-12T09:39:47,-2.320870502028167,29.415547660650258,October,rainy,24.80081977210352,82.52990571264203,0.7704219519212296,946.8477032017613
2024-10-12T01:34:53,-2.2381662204786172,29.373413697001077,October,rainy,22.459630875236886,76.34601624533906,3.7000364974034756,942.8186523065253
2024-10-16T02:52:11,-2.2966615809571977,29.387602387653224,October,rainy,20.85991854367079,78.31944761193677,4.569532275771945,954.2310419940173
2024-10-15T15:24:36,-2.2271481832388593,29.44305014995959,October,rainy,22.66504129695334,72.4212099732296,4.855579433566093,1015.8158605111904
2024-10-07T06:45:55,-2.2429532650763573,29.49566930661077,October,rainy,15.722142409195417,75.19202254574188,3.51159780210317,940.4686292064648
2024-10-20T13:41:21,-2.2287401594555565,29.413581278766426,October,rainy,24.624699678605978,79.35779650222898,4.6050602213634395,1005.1086331007982
2024-10-25T08:17:51,-2.2920177972214195,29.494870243614066,October,rainy,18.593886844227548,70.30000098557103,1.305941405852476,907.1515981985291
2024-11-21T02:11:19,-2.2631157744773183,29.37192351168321,November,rainy,24.617420627147283,86.28921751034363,0.7933176368322047,914.6200735836582
2024-11-20T16:58:04,-2.211855806937928,29.425181674045223,November,rainy,24.107278025477168,84.40994667440953,4.167492158098682,957.1685018435419
2024-11-05T18:27:11,-2.213169513567035,29.426344188694785,November,rainy,22.30217499086843,79.02678809483626,1.650056040631887,984.4502095909586
2024-11-07T05:13:46,-2.2686815938536977,29.468599366704932,November,rainy,20.444650784300357,79.68250386449861,1.6074157060979473,997.085935092753
2024-11-27T07:59:39,-2.328428923003183,29.411658334354716,November,rainy,24.332428117582673,77.50062569273344,3.0198114737918806,937.5926309334161
2024-11-08T22:03:24,-2.267514436066145,29.50969794380136,November,rainy,23.47352249079138,82.74363064924003,2.681092710048809,933.292637178283
2024-11-26T22:53:12,-2.3111488000816274,29.48297742040525,November,rainy,18.100396346484864,76.9921755478788,4.821976728036974,967.3581409847908
2024-11-07T09:01:27,-2.3007109922422986,29.4727564869305,November,rainy,16.4337669789368,72.54827627012027,1.1505493101797133,953.207780857501
2024-11-05T07:29:39,-2.26707199604966,29.424768312658653,November,rainy,22.36342333979472,77.58085264902506,1.1773158253998308,924.8541058267866
2024-11-12T20:52:54,-2.2116579074052676,29.488851505886252,November,rainy,18.90446097312857,74.46592137379331,4.385095882856056,988.8652936435665
2024-11-26T13:14:50,-2.2768677018613603,29.481366317761083,November,rainy,20.801429877092424,83.78760487601726,0.7024151015821523,1000.120235927368
2024-11-21T16:57:58,-2.3614776725724336,29.43460458210326,November,rainy,22.190028312243488,83.4463126007503,3.498148808828408,908.7813564255201
2024-11-23T15:40:06,-2.3304785409092026,29.456552248299136,November,rainy,23.992772947667465,85.898945710726,1.5802271643167298,1019.0421170685102
2024-11-26T12:30:26,-2.3063507982585314,29.46515967118099,November,rainy,18.182306497826342,83.13129229475182,1.27831189802703,913.9850142816102
2024-11-02T15:49:16,-2.25651057097808,29.450892216548986,November,rainy,20.09396668567386,82.9414013746475,1.36350002620952,915.4338633144894
2024-11-06T19:52:03,-2.289079134947237,29.363119616612526,November,rainy,23.949148703309554,74.7518320131921,4.356478678659634,906.0314715762811
2024-11-12T07:14:37,-2.2446934889543617,29.455429804948047,November,rainy,20.542684767597592,79.28859425571261,2.1181171990454395,966.537294033038
2024-11-12T06:50:22,-2.265426746610878,29.5158039486246,November,rainy,23.16396188705651,80.36275857808184,3.8468870390392467,939.1000360467233
2024-11-10T05:19:04,-2.2100415502183917,29.42385157154333,November,rainy,15.379642145832463,84.16054784065469,4.2799286760417825,952.9475812362788
2024-11-06T08:46:37,-2.291657437946777,29.383286474043697,November,rainy,18.38154322563287,82.61388146920348,2.52858409357511,947.427661885205
2024-11-14T18:53:36,-2.2719195193600297,29.46568805022559,November,rainy,17.62942183622634,81.71131392657706,2.3417332968357387,922.1878815372384
2024-11-03T07:03:23,-2.305357343305238,29.442743935722635,November,rainy,19.051043992421384,84.02870055912938,2.717672941853369,941.3246692925634
2024-11-25T22:23:41,-2.288582725437074,29.510759851827242,November,rainy,20.390896441436624,72.00432429484611,1.1709629441295242,1015.4486037183098
2024-11-22T23:18:42,-2.2843991437269033,29.490275746757774,November,rainy,20.53012340939305,88.80749164845955,1.8079191148814888,989.1894142001586
2024-11-03T16:12:15,-2.215747558325287,29.442899753111558,November,rainy,17.84029280195941,88.7133450711126,1.2842592736940337,939.1621186668718
2024-11-22T13:13:57,-2.2742561194487445,29.364673454755984,November,rainy,16.12490054568878,84.42351470370426,0.5285834754476026,950.4246148336173
2024-11-15T19:40:44,-2.279222082721189,29.479465896189158,November,rainy,17.964069713623818,88.54235700844839,4.610023244091341,941.5981725350761
2024-11-08T08:37:28,-2.1987608116928943,29.47673757747663,November,rainy,17.806638938691584,82.17236298048546,4.183628053470601,925.4584524689382
2024-11-21T04:13:09,-2.3207101850878744,29.427434179281843,November,rainy,18.261136985263406,79.96584881732225,4.1943359164204015,905.705646154121
2024-11-22T23:28:27,-2.2712266412676505,29.371215883571235,November,rainy,24.632813491504997,85.6217277541684,4.106358673930515,940.8796547207785
2024-11-02T14:26:02,-2.2814723738409812,29.53369185282693,November,rainy,23.074512386518823,87.93491388663739,4.153062916580755,1007.3673190691827
2024-11-23T08:45:49,-2.2052312846062305,29.45470752822019,November,rainy,23.759986871617023,78.68479296987958,3.890246142784773,949.6868794431857
2024-11-20T17:22:01,-2.224165796591571,29.417368209549362,November,rainy,19.683466443456517,83.4202988489474,4.007668505402471,946.6910312249136
2024-11-09T23:01:37,-2.213725169714791,29.416219881989136,November,rainy,23.23708459206771,78.62833836070533,3.7047643786323174,945.0674645479573
2024-11-24T07:03:11,-2.2857717516346985,29.43647268722542,November,rainy,16.993481390838195,71.87772189421379,3.031320524888767,912.8174035039909
2024-11-11T06:37:03,-2.2443536751499877,29.4897615918193,November,rainy,16.412161112836145,78.77729564340392,3.9392514336168944,997.1828582834124
2024-11-08T04:06:57,-2.3562153759629787,29.44793227704053,November,rainy,18.871109966197913,75.27404564387047,3.5077318547432217,999.3896474255037
2024-11-09T11:04:07,-2.3068656086287427,29.49414228629302,November,rainy,24.831048807912367,78.39282538185242,0.6203250048725097,995.7107068505242
2024-11-23T02:09:50,-2.2001200359915,29.447291638851897,November,rainy,17.57387504345766,87.82502851037275,1.04916638266828,910.7749793075709
2024-11-27T05:18:51,-2.255090305660963,29.466994385212537,November,rainy,24.60465702953417,81.2358310389833,3.2583417848734952,924.2523792652275
2024-11-08T06:41:49,-2.2364391558657286,29.413925763500547,November,rainy,16.50776828862148,88.53293119423076,2.3378608519752766,998.1134812822432
2024-11-15T15:08:00,-2.3092037907244736,29.505735653668626,November,rainy,23.544663426044217,76.02310356695024,1.2295210695795256,1013.5817577055386
2024-11-19T16:52:50,-2.311714961624688,29.384989455686604,November,rainy,19.687324224607956,73.70196212572044,2.157408878391109,955.3263769282346
2024-11-04T04:06:31,-2.2494443272863176,29.43659415191874,November,rainy,16.00107541720533,75.02057667259267,1.4069135733271658,939.4390632387438
2024-11-05T05:17:55,-2.2986272860517425,29.518693706002345,November,rainy,22.11601503113554,76.63999098983814,3.656889824345426,977.7688857433143
2024-11-06T01:48:05,-2.214230298636066,29.434204603034644,November,rainy,18.56394276687058,82.05533597043622,3.9687196026569604,997.4159677245892
2024-11-19T13:59:32,-2.2267055600259056,29.50071619412133,November,rainy,18.311474012750153,79.82396717982739,4.092346609763348,1006.7700996008821
2024-11-10T13:58:17,-2.232454511906564,29.430063111514055,November,rainy,20.245226985127243,81.20860794569023,2.6051042134829205,1017.7460338716438
2024-11-03T14:57:57,-2.3069927376226986,29.447709711014394,November,rainy,19.33167938182728,88.32468246086891,0.5064158393474971,958.0391347050634
2024-11-26T22:47:38,-2.346084437527626,29.453102070989132,November,rainy,20.08102567201856,83.56854496936555,0.9344417735342408,972.3833387185446
2024-12-18T21:49:00,-2.0682294509445667,29.502324574785185,December,rainy,22.854848804434866,85.24951639339409,2.40579134988905,947.7516608595241
2024-12-12T10:48:51,-2.1599878240776413,29.45817119879696,December,rainy,21.61536147347199,80.80651109916708,1.6992200787197709,1000.7960825882802
2024-12-21T10:37:45,-2.060322705326653,29.46908347997001,December,rainy,23.01551210978321,76.92356597316714,3.612267647343668,955.4066542295843
2024-12-04T04:52:31,-2.050148576354885,29.470120339706003,December,rainy,24.721394130816797,84.93546478336393,3.2517460153653506,920.1569951784022
2024-12-13T20:42:01,-2.1334376091356986,29.383315214733283,December,rainy,18.188450757936604,89.33730046787376,3.3243911751038167,964.7406753210248
2024-12-12T04:39:09,-2.16699568521351,29.512709471086296,December,rainy,15.421641397843496,87.09376833140945,0.9376147661807612,965.1443821902789
2024-12-02T15:21:57,-2.1188372541539775,29.39085338853806,December,rainy,15.79848376832298,83.35036795450777,2.462178269560784,980.9729854627942
2024-12-08T08:55:55,-2.110174266378969,29.449971907938586,December,rainy,20.578198222181456,70.78421564784811,1.954256825447393,933.6652158330394
2024-12-27T04:34:35,-2.0874463833643895,29.4868814610501,December,rainy,22.717304988095037,84.9074797226607,1.1332379567209403,986.1432565255475
2024-12-04T18:04:37,-2.06995477158178,29.46586105459627,December,rainy,20.165828347422064,82.38519658300261,1.8819200242515497,1014.5361081469722
2024-12-18T05:03:12,-2.1167186156725877,29.398718272384457,December,rainy,15.567017348049358,76.18168460486928,1.3489370930351212,944.5295772837877
2024-12-28T01:18:46,-2.1403949483551763,29.445988698190924,December,rainy,16.587352766856384,71.99639974760773,0.7609687876705686,1007.9078905981384
2024-12-14T02:53:59,-2.08615013350899,29.54516250946058,December,rainy,18.113905509923793,72.26734819382763,3.293072870117833,964.6581818096333
2024-12-05T15:17:30,-2.090487972520617,29.52760478023971,December,rainy,20.027145962001516,84.80954867229288,4.779469155726821,914.8817708738176
2024-12-18T20:01:40,-2.2020925900858854,29.49294953189184,December,rainy,17.45584255864902,77.09274330451184,1.0824508077385704,922.1559014971444
2024-12-22T11:12:49,-2.1444772585834047,29.473886516647017,December,rainy,18.237675222142254,82.59747567278022,2.962254016931427,960.4198809270424
2024-12-16T14:39:24,-2.0402969709488152,29.45471814005485,December,rainy,22.20385285988284,79.95732740205732,1.257460991244237,998.7720922054978
2024-12-02T18:35:46,-2.1972594814901845,29.47330340145444,December,rainy,15.536122945551451,72.31679876703397,2.2137160662985176,1014.4779198634053
2024-12-16T01:04:58,-2.1436118505720434,29.430272573610637,December,rainy,23.980935466516954,89.10030675083067,3.9758813846390555,938.9356319716956
2024-12-17T01:10:31,-2.1477061911125728,29.44436871971195,December,rainy,23.82336277284329,88.00099966625372,1.3111466766715467,1010.1642695177595
2024-12-18T04:14:38,-2.0818705102240105,29.525392553908517,December,rainy,22.601836779634287,76.39624922507396,0.9100809271779161,944.9320336180505
2024-12-12T20:49:19,-2.123744323067484,29.514988610344304,December,rainy,18.423711659812035,83.76992402822653,4.540690361653834,1015.2776139770181
2024-12-28T19:17:28,-2.1253182105554185,29.368477147581007,December,rainy,15.487214361193132,71.18562230853607,4.481945371617536,977.8069403980074
2024-12-19T09:11:17,-2.1577475937507216,29.506426438632488,December,rainy,22.017784072837877,82.6557780759357,3.1620678424586868,908.3496685663215
2024-12-18T03:18:37,-2.151443360878996,29.411329594755298,December,rainy,22.298633530593207,77.59108410420997,0.9628862967693443,970.129633109138
2024-12-14T04:51:41,-2.092777600904121,29.48907624081275,December,rainy,22.112255594882573,74.56834120577189,3.8870649172914327,945.2387130429387
2024-12-11T19:55:08,-2.151936404117338,29.544427703461775,December,rainy,20.17855850708881,87.49345757948092,1.8658438679486773,920.1683791447024
2024-12-05T04:23:56,-2.102618786984571,29.558565270074773,December,rainy,21.506528736083563,73.07841502290191,4.900545547894906,982.4801233215026
2024-12-17T00:39:23,-2.076279735392877,29.550713060153072,December,rainy,22.162118710515692,79.84352241400407,3.6107375715388508,1013.3295420636813
2024-12-26T14:40:09,-2.1868426179401856,29.479245078866786,December,rainy,16.833833146124626,77.38886842122106,4.837742843634673,917.5701408849113
2024-12-26T14:54:44,-2.0792178045792995,29.46245264408424,December,rainy,17.48506827742902,75.85951369877114,4.352143160029814,902.0368978806753
2024-12-05T05:25:06,-2.048132231785967,29.432838925879466,December,rainy,20.543381120284394,78.15464614584495,3.6116965850722855,995.8412615583593
2024-12-23T11:31:15,-2.109300462996295,29.396288349975073,December,rainy,21.129667108533837,77.09133433754015,3.5888314222286795,953.189544918391
2024-12-27T00:33:36,-2.133945741588218,29.47983583035414,December,rainy,24.331895413824306,77.18209851681327,4.354640548745018,942.4593628480857
2024-12-24T07:15:45,-2.176005720353561,29.4633493562295,December,rainy,19.084587620686992,78.31889750319297,3.668879380876057,916.5292443622425
2024-12-15T10:02:23,-2.1993085473973633,29.486657239857237,December,rainy,20.745116187470174,75.5056570245504,2.6003580218588307,942.4041967130261
2024-12-15T18:41:04,-2.100674931499604,29.381058171309537,December,rainy,18.298213495088845,83.1267405449766,1.3079860218752049,940.1094782013763
2024-12-02T05:45:28,-2.102433893021293,29.40940967949711,December,rainy,15.122389210618737,79.46854520630265,0.5769692736601414,960.1534879556868
2024-12-02T22:29:38,-2.0983125039172057,29.51830282361105,December,rainy,20.747755781289754,87.04603174910154,4.653181570870284,976.8926171923425
2024-12-03T04:26:32,-2.1537216559783805,29.52159205909379,December,rainy,22.156106698627582,70.09949943856334,3.377483709573086,1004.1192425456452
2024-12-11T21:59:00,-2.0996389220189435,29.476618798862727,December,rainy,15.85515165169224,72.24909213235028,2.7603299907230348,982.8739432097038
2024-12-07T02:31:36,-2.180891138576966,29.516572440718818,December,rainy,17.73433628539784,76.58341973156054,1.8815907711813196,936.430901847708
2024-12-22T18:44:48,-2.0608707623049054,29.468846977539037,December,rainy,18.293678292085776,77.65738834185646,4.842440291044367,1015.113449236481
2024-12-25T03:46:47,-2.091772646589933,29.561052654665236,December,rainy,18.201923500166835,85.51857089805543,3.9425931997878774,928.8118370462512
2024-12-17T22:32:57,-2.1073583002516187,29.3812806409827,December,rainy,24.371267761769516,72.49102460357943,4.590484895400211,1002.7862498310016
2024-12-02T09:36:18,-2.1247104415236584,29.467716339980175,December,rainy,15.255678744617855,82.96578968506134,4.686328737457142,971.6354278422145
2024-12-25T21:17:09,-2.1063385771921004,29.46436493518809,December,rainy,20.661540377299673,88.40051559719896,2.799430508404741,925.2618777061496
2024-12-25T01:04:33,-2.170058191238567,29.48265009533599,December,rainy,18.004376638302183,84.94288670432488,3.475705191277162,917.1787766609501
2024-12-19T04:32:26,-2.0666915638582424,29.413485246782344,December,rainy,15.983526048946326,74.8341899362384,4.169306035054186,949.6772613842688
2024-12-04T10:40:47,-2.0957428155496647,29.453718677270665,December,rainy,15.387615042433527,82.66584547948246,1.1462369425431438,975.380616891606
2025-01-07T11:48:36,-2.0282593061522145,29.46568201476212,January,rainy,24.798323108512797,81.08170599524914,3.6460005991272544,1003.918464566588
2025-01-08T04:31:33,-2.089074786733353,29.383798932846094,January,rainy,18.18432889349781,79.06199813876896,1.703209570041301,959.143033818279
2025-01-10T17:15:39,-2.0623708099787925,29.401721102079,January,rainy,15.96997694486652,72.9048211870132,4.754938027384551,948.0089707803218
2025-01-10T11:33:47,-2.0808084046559894,29.449805410317072,January,rainy,20.896696555287484,82.91431063262728,1.2342611126636398,1004.3904955058097
2025-01-14T15:37:53,-2.0742133955197812,29.405912142483036,January,rainy,15.773493387646852,70.14068666758448,3.9559346448075514,900.9655635529053
2025-01-24T02:19:54,-2.031506808643062,29.401004614558033,January,rainy,20.360408832516388,77.02016488741722,2.2914512747624567,922.9734509012738
2025-01-03T23:38:39,-2.065633125341336,29.44195931013122,January,rainy,19.703437957794737,89.71471209463456,1.5542549477665422,946.2473836381018
2025-01-23T11:42:39,-2.0500035773396648,29.413482246581125,January,rainy,21.924188276986072,71.12922348787248,0.9985921150435013,927.763912896177
2025-01-16T01:26:49,-2.062597111688738,29.462974162089807,January,rainy,15.012894347617761,87.70682184683635,4.120757141631158,981.1246732077146
2025-01-23T04:01:40,-2.0538767300767304,29.416625051412172,January,rainy,21.449917381453343,74.68029001709453,3.6913569974108857,977.1749866490399
2025-01-25T13:32:32,-2.05214719452057,29.400309145521412,January,rainy,16.264414889485654,80.15400737070497,1.793421329989347,944.5136465702533
2025-01-01T02:20:10,-2.079737386261113,29.37210697168947,January,rainy,17.493360034748086,85.72794348561362,3.3768962686697015,947.0442580007177
2025-01-15T08:21:44,-2.0705611575039127,29.433007505691982,January,rainy,16.369559557772398,81.76996618883474,3.9477997084132235,905.7941359497314
2025-01-04T14:41:22,-2.0884514493699564,29.402174172030218,January,rainy,21.95157163699156,81.36881329030122,0.8575898020331751,1012.9306404314469
2025-01-10T00:19:12,-2.070353210389016,29.450143913538483,January,rainy,24.048127380313247,83.75246084617316,1.694273403585462,973.8286418133761
2025-01-10T11:08:40,-2.0680090313606523,29.434095957588788,January,rainy,18.410965039517713,77.18349549348522,4.864712401011873,932.475393417987
2025-01-19T20:01:07,-2.049202338683309,29.381979240367517,January,rainy,16.01932180109402,73.3264207212274,1.216295206724951,908.0433952242463
2025-01-08T05:06:57,-2.0797590220735263,29.445114107081952,January,rainy,17.334968289059113,77.27745141254908,1.1996671149617595,912.0475607419941
2025-01-14T03:38:46,-2.0521249683849883,29.468582493912752,January,rainy,21.52243383722901,81.94380890181722,1.125274151067618,972.6469887948215
2025-01-23T22:40:11,-2.0876870830965197,29.442446914050254,January,rainy,22.118207657232887,72.94291973923343,3.7105429889463526,991.8436317644025
2025-01-12T14:30:34,-2.025380980436207,29.400831581985578,January,rainy,23.826430298888653,87.9128755697675,2.8026031422683064,954.3353712479229
2025-01-28T06:10:34,-2.077116275626686,29.386818653161036,January,rainy,15.233193033838667,72.86844459473961,2.0790126762793064,928.7946682380426
2025-01-06T18:34:56,-2.050176447106282,29.47389089989028,January,rainy,22.73604027193473,81.48770775352034,3.2640555510072518,955.9927421462974
2025-01-04T20:33:52,-2.064109340854871,29.444475400718733,January,rainy,20.24322326476705,77.24743073246421,4.265720770312846,1006.829278009702
2025-01-19T08:28:14,-2.092126815613729,29.404722358754956,January,rainy,21.43680243188025,85.82058221055965,0.7738056639824438,924.3812780977504
2025-01-27T04:07:19,-2.061182499649409,29.402388273021845,January,rainy,16.727724812615936,74.87927135137588,3.400618494766435,935.8955454030237
2025-01-06T09:26:39,-2.0708993574548473,29.452974230891115,January,rainy,15.86123934388396,89.64765730345172,1.918032686447794,923.4909776017549
2025-01-13T18:23:44,-2.0349819769967086,29.45077474942011,January,rainy,16.439020744250314,75.6153895956614,2.1568597107543894,970.0776671112188
2025-01-19T04:23:58,-2.0297203336882848,29.480613414607394,January,rainy,19.583298215163623,83.57511225978092,4.163703536122332,961.5910284311259
2025-01-08T01:39:32,-2.0407340576852393,29.43050817962084,January,rainy,17.897814230737595,79.35583220918969,3.239103207583199,980.8491423514538
2025-01-11T11:14:59,-2.0645093501118486,29.400421956272954,January,rainy,18.870686437739245,85.76827398789429,4.227508060432632,956.8265326720511
2025-01-22T03:51:23,-2.0296762784019364,29.41264190020067,January,rainy,15.258025693829214,89.86867485982489,3.0966860696906666,1013.293343280568
2025-01-07T15:26:25,-2.0329499351588844,29.46869718000055,January,rainy,22.47295340720373,87.07805861999461,4.047438219122183,989.595817424204
2025-01-25T11:04:55,-2.0193396222087965,29.46115112033004,January,rainy,20.807967818286823,73.68493989971739,4.0763623816128565,984.6169523580592
2025-01-25T07:53:46,-2.057850997749685,29.37140281286193,January,rainy,20.158139288930972,73.05915983138837,4.170127987373994,982.1049946297811
2025-01-25T05:11:55,-2.048521596271301,29.37976446114047,January,rainy,21.826377498195974,81.04218686911516,1.084657525104964,993.4326631794384
2025-01-25T12:35:44,-2.088244472642402,29.38640350792698,January,rainy,21.420319094129283,87.53626836878784,1.193751191727637,920.906629873506
2025-01-02T00:03:46,-2.0863695531768265,29.41926401090294,January,rainy,24.409607304049764,88.26807894235981,1.6177748312788105,1013.2477360984205
2025-01-18T19:13:10,-2.032994306695086,29.438195655225236,January,rainy,17.30373875404998,75.5751130883562,1.8550160540622906,982.6744545032075
2025-01-23T10:28:00,-2.022503333060272,29.468702890561783,January,rainy,22.81635625759355,86.69935262632518,0.6714002259498066,943.8463306803554
2025-01-02T11:28:58,-2.0405317914748284,29.46588712730608,January,rainy,18.24371631200306,83.26439319039021,4.6662267526874395,957.8158554348494
2025-01-13T13:36:07,-2.0811398649248076,29.383267182060877,January,rainy,15.647689145417566,75.14549099529316,1.0652514260178993,939.8103098881812
2025-01-06T08:21:16,-2.0863896430778626,29.426720131746322,January,rainy,17.97188948510026,86.69754853115485,3.326679972576717,963.1455561271922
2025-01-24T21:49:02,-2.074377429999058,29.451369805491023,January,rainy,17.38032635696585,88.62593987304095,1.6877546308437024,1014.0656179318854
2025-01-10T13:29:10,-2.047285854393552,29.45389278064427,January,rainy,17.530842055987232,79.52432303879533,0.8281937201287548,946.0882728704354
2025-01-24T08:43:09,-2.019004195280803,29.438809958032817,January,rainy,17.49295002058128,86.8105984657351,1.386906178128889,980.9595342774254
2025-01-22T17:42:55,-2.0668134008633046,29.39450005086128,January,rainy,23.31402182155923,84.5200716464334,3.3945081824933396,917.3031442000366
2025-01-23T08:07:23,-2.057990518594857,29.40147666827845,January,rainy,18.440310221563934,79.177366514581,0.6364544963301633,1006.6927106809774
2025-01-13T20:45:03,-2.089655565519385,29.417626957671747,January,rainy,18.26341021287911,81.91068817185526,3.533279011836149,946.9267268704966
2025-01-08T23:24:26,-2.06131694980746,29.46476012785957,January,rainy,24.28238685564757,70.03755493487732,0.6069614092951349,977.1946364421357
2025-02-06T10:34:18,-2.0035600798269115,29.35193885260017,February,rainy,21.204833049858042,81.95116863039749,1.4787539708225654,971.6324557713433
2025-02-01T04:56:54,-1.9768344782776786,29.36787999480492,February,rainy,19.4513045609211,87.19282756245201,3.008922031958464,1012.0975150940759
2025-02-14T23:56:30,-1.97756650979648,29.41407029168955,February,rainy,22.134359841852937,83.07377166153454,1.9491186843366004,948.9239472028888
2025-02-27T14:31:11,-1.9892424778692845,29.371202192659883,February,rainy,18.248824905949352,79.16293088002945,1.8882033603141142,942.3376855832392
2025-02-08T21:25:46,-2.011074013179036,29.412415582695434,February,rainy,19.665541666438024,81.72891526725672,1.8212281569922402,973.7290683703152
2025-02-01T01:18:31,-2.0436596806279197,29.394927218655777,February,rainy,22.178189040591207,83.33655816434938,2.7676210668469112,1014.6443606172115
2025-02-14T21:06:22,-2.003254307856782,29.41962298727494,February,rainy,19.759660505021532,76.02589750201135,1.4273420442247056,902.0655520340005
2025-02-18T09:06:24,-2.0316887592641573,29.42474708130922,February,rainy,19.188741443944526,72.08076580297494,3.272223511206053,916.5545501268956
2025-02-11T07:53:56,-2.0239506618726306,29.38272616395208,February,rainy,19.087779168754768,73.99930971394642,0.6239607453632623,962.0060587525876
2025-02-22T01:14:30,-2.0085313631562913,29.40309974769865,February,rainy,23.98681999601427,83.03607574419934,2.2344778041576676,987.8022920107775
2025-02-20T01:26:14,-1.977356371618115,29.379866909013238,February,rainy,24.900781677247515,88.6341794584098,1.2323070381763799,912.0368381928276
2025-02-13T12:20:44,-1.9936400047829335,29.3622652104499,February,rainy,18.971568630370626,70.6935884812981,4.720013621990801,932.0733271470549
2025-02-22T17:21:18,-2.0017848463525656,29.375006429818722,February,rainy,21.573117550017393,77.92492336946506,1.3954897495812184,985.9049389037666
2025-02-07T19:29:11,-1.984789086572237,29.34845950175232,February,rainy,15.875653792918733,85.46310137718143,1.2630819849475774,916.256000484291
2025-02-06T08:18:44,-2.02855425007744,29.401700564816377,February,rainy,24.792945399772726,82.94338620313808,1.7091013192532212,931.5350620001343
2025-02-07T23:58:16,-2.0030326150394995,29.418915841229843,February,rainy,18.148113014423007,74.49660961545366,0.5580635491261552,940.1235160927665
2025-02-25T18:29:15,-1.99370449047295,29.405317010655466,February,rainy,16.49424054479115,78.47496880824215,2.5628099201074312,967.6047983044958
2025-02-20T23:22:52,-2.0289624558557886,29.36153811435438,February,rainy,23.294104849365883,77.79260351385334,2.785740562913513,1017.9629420534677
2025-02-16T12:45:48,-2.01636878163818,29.369737237780324,February,rainy,22.730812539355803,85.03166560023107,0.9497715169127507,970.1555832510122
2025-02-20T16:33:53,-2.0104209414582184,29.368084664797752,February,rainy,18.95603775242826,75.86048011181052,1.544652272874257,981.1715515417106
2025-02-10T18:56:25,-1.988580685471455,29.405444255208153,February,rainy,23.86764125874628,77.4877565974872,2.6842892986485594,918.6136485761544
2025-02-25T22:16:23,-1.9922550801380268,29.354193120616642,February,rainy,17.7678846594115,87.70911067368517,3.545762525700195,906.0290341297008
2025-02-15T19:27:23,-2.0051623622379906,29.399330070714402,February,rainy,24.105211434637813,71.29049414370965,1.4391276965527489,985.253953048091
2025-02-14T01:38:27,-2.002473064382678,29.355803041208624,February,rainy,16.825884814016636,72.90317156981115,1.0439274629457964,1010.5699647551825
2025-02-19T05:54:09,-1.980023695201456,29.410156075164497,February,rainy,20.05285741155773,76.54542454508996,4.172820842445641,986.902138042916
2025-02-04T08:53:29,-2.02314159596746,29.408689159737857,February,rainy,22.551984975807745,89.16339378370911,3.4924494398554025,918.3018595792346
2025-02-11T13:16:14,-1.976716209663691,29.402245863929355,February,rainy,16.849394142068945,71.83830796472137,1.1006127696059913,963.4133854646433
2025-02-08T21:16:31,-2.012952859018596,29.392035987775326,February,rainy,15.317252820663454,77.20496914654456,4.121406542365621,987.7577744218243
2025-02-04T08:48:21,-2.0257782437333955,29.41111711959334,February,rainy,18.084537652757287,80.67893195544804,4.70136440403928,1001.2097713348588
2025-02-16T00:35:39,-2.022004128934861,29.372278555052272,February,rainy,17.428636804819362,78.72718964874427,2.794060951576161,925.1896139871858
2025-02-21T06:13:54,-2.0101146124497276,29.40686727596399,February,rainy,23.130532001052114,75.76911514231351,3.796798502845586,999.4217855505719
2025-02-27T11:06:48,-1.9856655149819487,29.36489703975288,February,rainy,16.34543102859906,78.59386826743135,3.1723030733366926,1005.3505338457292
2025-02-25T17:42:05,-2.010029769890784,29.421636861147988,February,rainy,23.176463334340028,76.74810441652818,3.899683285738785,948.407334658725
2025-02-10T16:57:26,-1.9836770858005461,29.363958257143334,February,rainy,19.98299837860403,70.13261694610712,4.198245413102082,901.7520675009257
2025-02-18T12:50:00,-2.015812346475684,29.378136771883966,February,rainy,23.999501605260775,83.36306739636689,2.3887531818894683,1012.7850861571267
2025-02-25T03:57:26,-1.9859430723606961,29.410737103593156,February,rainy,16.660588286654196,89.01440094533294,1.18467506293341,977.3350498596174
2025-02-11T11:59:16,-2.0077715065870034,29.387674139904437,February,rainy,23.061611023795095,82.33876661395445,2.664809306900392,950.1205181626511
2025-02-12T16:26:18,-2.02988945361281,29.40496564512329,February,rainy,22.931844721614336,87.2728523300115,4.207411432006202,975.0780015228182
2025-02-19T01:07:00,-2.047557393015532,29.373953488520613,February,rainy,16.358629125914256,71.40216540080301,2.4465876692910626,910.7166666299519
2025-02-25T08:56:36,-1.9881440647208937,29.369743735491173,February,rainy,22.448818774755843,89.47111027317263,0.8463558677774627,935.1519710434949
2025-02-25T07:23:56,-2.0210650082341326,29.375900818420824,February,rainy,16.6880823426624,76.94020303545298,1.9466023821134826,965.3040640195006
2025-02-27T15:13:01,-2.0319876355524022,29.392992410197326,February,rainy,20.808092274949935,89.99744650345903,4.275105010326357,909.3817193851236
2025-02-09T09:40:49,-1.9981624915767477,29.365039312983015,February,rainy,23.904706806778723,85.54398598460384,2.428557397342267,1012.9709403847386
2025-02-16T05:38:22,-2.028020609098737,29.416414424796702,February,rainy,16.62583411022691,73.29625783413694,1.700582613678813,971.501951143517
2025-02-28T20:47:21,-1.986302654418152,29.398544298900898,February,rainy,18.308358691624395,87.82848675869212,0.6351591423787981,927.6943866640863
2025-02-25T14:33:59,-1.9884419456299662,29.40692178927153,February,rainy,20.79033598029566,83.94878172738261,3.3938024241512417,970.1687743444835
2025-02-02T23:13:32,-2.0073723073353347,29.39248597276083,February,rainy,22.81056951591436,71.28199813476475,1.437669956659469,948.8805558383742
2025-02-19T00:11:38,-2.0172311583781335,29.39154578961974,February,rainy,15.696014061700222,70.94073477037398,3.7629157554289474,994.6215115188397
2025-02-04T04:13:05,-2.013425387970526,29.380629688062577,February,rainy,19.597768949411417,88.8314327830551,2.669151781968997,943.9626491556246
2025-02-10T14:21:36,-2.0108193495651085,29.38069497510676,February,rainy,19.066528597395543,73.98875973317311,1.522237503847534,1017.1165458143067
